time,damage_X,damage_Y
2/29/20 05:00,0.99591243,1
2/29/20 05:09,0.9959159,1
2/29/20 05:19,0.9959178,1
2/29/20 05:29,0.9959315,1
2/29/20 05:39,0.9959296,1
2/29/20 05:49,0.9959283,1
2/29/20 05:59,0.99593675,1
2/29/20 06:10,0.9959411,1
2/29/20 06:19,0.9959473,1
2/29/20 06:29,0.995936,1
2/29/20 06:39,0.99595004,1
2/29/20 06:49,0.9959502,1
2/29/20 06:59,0.9959544,1
2/29/20 07:09,0.99595666,1
2/29/20 07:20,0.9959618,1
2/29/20 07:29,0.99595445,1
2/29/20 07:39,0.99595875,1
2/29/20 07:49,0.9959587,1
2/29/20 07:59,0.9959675,1
2/29/20 08:09,0.9959621,1
2/29/20 08:19,0.99597406,1
2/29/20 08:30,0.99597275,1
2/29/20 08:40,0.9959722,1
2/29/20 08:49,0.99597573,1
2/29/20 08:59,0.9959694,1
2/29/20 09:09,0.9959723,1
2/29/20 09:19,0.9959743,1
2/29/20 09:29,0.99597883,1
2/29/20 09:40,0.9959775,1
2/29/20 09:49,0.9959779,1
2/29/20 09:59,0.99597883,1
2/29/20 10:09,0.99598694,1
2/29/20 10:19,0.9959862,1
2/29/20 10:29,0.99599147,1
2/29/20 10:39,0.99597883,1
2/29/20 10:50,0.9959769,1
2/29/20 10:59,0.99597555,1
2/29/20 11:09,0.99597013,1
2/29/20 11:19,0.995987,1
2/29/20 11:29,0.99599016,1
2/29/20 11:39,0.9959943,1
2/29/20 11:49,0.99597585,1
2/29/20 12:00,0.9959773,1
2/29/20 12:09,0.9959825,1
2/29/20 12:19,0.99598694,1
2/29/20 12:29,0.99598825,1
2/29/20 12:39,0.9959899,1
2/29/20 12:49,0.995982,1
2/29/20 12:59,0.99597746,1
2/29/20 13:10,0.9959768,1
2/29/20 13:20,0.9959873,1
2/29/20 13:29,0.995988,1
2/29/20 13:39,0.99599105,1
2/29/20 13:49,0.9959924,1
2/29/20 13:59,0.9959871,1
2/29/20 14:09,0.9959804,1
2/29/20 14:20,0.9959836,1
2/29/20 14:30,0.995987,1
2/29/20 14:39,0.9959899,1
2/29/20 14:49,0.9959972,1
2/29/20 14:59,0.9959929,1
2/29/20 15:09,0.9959882,1
2/29/20 15:19,0.99599016,1
2/29/20 15:30,0.9959814,1
2/29/20 15:40,0.99598134,1
2/29/20 15:49,0.9959878,1
2/29/20 15:59,0.9959897,1
2/29/20 16:09,0.9959911,1
2/29/20 16:19,0.9959889,1
2/29/20 16:29,0.9959887,1
2/29/20 16:40,0.9959911,1
2/29/20 16:50,0.9959878,1
2/29/20 16:59,0.99599254,1
2/29/20 17:09,0.9959971,1
2/29/20 17:19,0.99598986,1
2/29/20 17:29,0.9959839,1
2/29/20 17:39,0.9959922,1
2/29/20 17:50,0.9959843,1
2/29/20 18:00,0.99599326,1
2/29/20 18:09,0.9959848,1
2/29/20 18:19,0.9959934,1
2/29/20 18:29,0.99599016,1
2/29/20 18:39,0.995987,1
2/29/20 18:49,0.9959869,1
2/29/20 18:59,0.9959878,1
2/29/20 19:10,0.99598897,1
2/29/20 19:19,0.99599934,1
2/29/20 19:29,0.99599123,1
2/29/20 19:39,0.9959899,1
2/29/20 19:49,0.9959816,1
2/29/20 19:59,0.995988,1
2/29/20 20:09,0.99598986,1
2/29/20 20:20,0.9959879,1
2/29/20 20:29,0.9959942,1
2/29/20 20:39,0.99598765,1
2/29/20 20:49,0.9959879,1
2/29/20 20:59,0.995986,1
2/29/20 21:09,0.9959899,1
2/29/20 21:20,0.99598926,1
2/29/20 21:30,0.9959948,1
2/29/20 21:39,0.99599314,1
2/29/20 21:49,0.9959868,1
2/29/20 21:59,0.9959848,1
2/29/20 22:09,0.9959942,1
2/29/20 22:19,0.99599624,1
2/29/20 22:29,0.9959954,1
2/29/20 22:40,0.99599147,1
2/29/20 22:49,0.9959898,1
2/29/20 22:59,0.99598867,1
2/29/20 23:09,0.9959909,1
2/29/20 23:19,0.9959885,1
2/29/20 23:29,0.9959928,1
2/29/20 23:39,0.99599016,1
2/29/20 23:50,0.99599606,1
3/1/20 00:00,0.9959918,1
3/1/20 00:09,0.99598974,1
3/1/20 00:19,0.9959929,1
3/1/20 00:29,0.99599326,1
3/1/20 00:39,0.99598753,1
3/1/20 00:50,0.9959868,1
3/1/20 01:00,0.9959953,1
3/1/20 01:09,0.9959906,1
3/1/20 01:19,0.9960041,1
3/1/20 01:29,0.99599534,1
3/1/20 01:39,0.99599004,1
3/1/20 01:49,0.99599284,1
3/1/20 02:00,0.9959904,1
3/1/20 02:10,0.9959854,1
3/1/20 02:29,0.99599385,1
3/1/20 02:39,0.99599516,1
3/1/20 02:49,0.99599296,1
3/1/20 02:59,0.995987,1
3/1/20 03:10,0.99599516,1
3/1/20 03:20,0.9959923,1
3/1/20 03:29,0.9959971,1
3/1/20 03:39,0.99599063,1
3/1/20 03:49,0.99598706,1
3/1/20 03:59,0.9959829,1
3/1/20 04:09,0.9959813,1
3/1/20 04:20,0.99598753,1
3/1/20 04:30,0.9959929,1
3/1/20 04:39,0.9959918,1
3/1/20 04:49,0.9959868,1
3/1/20 04:59,0.99598795,1
3/1/20 05:09,0.9959838,1
3/1/20 05:19,0.99598944,1
3/1/20 05:30,0.995992,1
3/1/20 05:40,0.99599403,1
3/1/20 05:49,0.99599195,1
3/1/20 05:59,0.995993,1
3/1/20 06:09,0.99598485,1
3/1/20 06:19,0.9959847,1
3/1/20 06:29,0.9959898,1
3/1/20 06:39,0.99599177,1
3/1/20 06:50,0.99599195,1
3/1/20 06:59,0.9959868,1
3/1/20 07:09,0.9959865,1
3/1/20 07:19,0.99598753,1
3/1/20 07:29,0.9959958,1
3/1/20 07:39,0.99598753,1
3/1/20 07:49,0.99598753,1
3/1/20 08:00,0.99599165,1
3/1/20 08:10,0.99598694,1
3/1/20 08:19,0.99598366,1
3/1/20 08:29,0.99598294,1
3/1/20 08:39,0.9959866,1
3/1/20 08:49,0.9959959,1
3/1/20 08:59,0.9959919,1
3/1/20 09:10,0.9959969,1
3/1/20 09:20,0.9959886,1
3/1/20 09:29,0.9959855,1
3/1/20 09:39,0.9959862,1
3/1/20 09:49,0.99598444,1
3/1/20 09:59,0.99599296,1
3/1/20 10:09,0.99599826,1
3/1/20 10:20,0.9959928,1
3/1/20 10:30,0.99599296,1
3/1/20 10:39,0.99598765,1
3/1/20 10:49,0.9959788,1
3/1/20 10:59,0.99598753,1
3/1/20 11:09,0.99598974,1
3/1/20 11:19,0.99599266,1
3/1/20 11:30,0.9959886,1
3/1/20 11:40,0.99598646,1
3/1/20 11:50,0.99599063,1
3/1/20 11:59,0.9959768,1
3/1/20 12:09,0.99598217,1
3/1/20 12:19,0.9959833,1
3/1/20 12:29,0.9959922,1
3/1/20 12:39,0.99598205,1
3/1/20 12:50,0.99598515,1
3/1/20 13:00,0.99598646,1
3/1/20 13:09,0.9959782,1
3/1/20 13:19,0.995981,1
3/1/20 13:29,0.99597883,1
3/1/20 13:39,0.99597657,1
3/1/20 13:49,0.9959892,1
3/1/20 14:00,0.9959872,1
3/1/20 14:10,0.99599755,1
3/1/20 14:20,0.9959895,1
3/1/20 14:30,0.99598926,1
3/1/20 14:39,0.99597883,1
3/1/20 14:49,0.99598247,1
3/1/20 14:59,0.9959939,1
3/1/20 15:10,0.99598444,1
3/1/20 15:20,0.99598193,1
3/1/20 15:30,0.99599576,1
3/1/20 15:40,0.9959905,1
3/1/20 15:49,0.9959848,1
3/1/20 15:59,0.99598837,1
3/1/20 16:09,0.99598646,1
3/1/20 16:20,0.99599254,1
3/1/20 16:30,0.9959877,1
3/1/20 16:40,0.995991,1
3/1/20 16:50,0.9959966,1
3/1/20 16:59,0.9959855,1
3/1/20 17:09,0.99599653,1
3/1/20 17:19,0.99599206,1
3/1/20 17:30,0.99598837,1
3/1/20 17:40,0.99598944,1
3/1/20 17:50,0.9959914,1
3/1/20 18:00,0.9959964,1
3/1/20 18:09,0.9959893,1
3/1/20 18:19,0.99598825,1
3/1/20 18:29,0.9959948,1
3/1/20 18:40,0.99598837,1
3/1/20 18:50,0.9959885,1
3/1/20 19:00,0.9959916,1
3/1/20 19:10,0.9959945,1
3/1/20 19:19,0.9959974,1
3/1/20 19:29,0.99599385,1
3/1/20 19:39,0.9959987,1
3/1/20 19:50,0.9959979,1
3/1/20 20:00,0.9959945,1
3/1/20 20:10,0.9959923,1
3/1/20 20:20,0.9959875,1
3/1/20 20:29,0.99599123,1
3/1/20 20:39,0.9959965,1
3/1/20 20:49,0.99599266,1
3/1/20 21:00,0.9959885,1
3/1/20 21:10,0.9959892,1
3/1/20 21:20,0.995988,1
3/1/20 21:30,0.99599016,1
3/1/20 21:39,0.995988,1
3/1/20 21:49,0.9959945,1
3/1/20 21:59,0.9959993,1
3/1/20 22:10,0.9959991,1
3/1/20 22:20,0.99598837,1
3/1/20 22:30,0.9959959,1
3/1/20 22:40,0.9959935,1
3/1/20 22:49,0.99599123,1
3/1/20 22:59,0.9959862,1
3/1/20 23:09,0.9959885,1
3/1/20 23:20,0.995995,1
3/1/20 23:30,0.99599576,1
3/1/20 23:40,0.99599576,1
3/1/20 23:50,0.9959895,1
3/1/20 23:59,0.9959873,1
3/2/20 00:09,0.99599147,1
3/2/20 00:19,0.9959979,1
3/2/20 00:30,0.9959991,1
3/2/20 00:40,0.99599123,1
3/2/20 00:50,0.9959916,1
3/2/20 01:00,0.99599576,1
3/2/20 01:09,0.99599254,1
3/2/20 01:19,0.9959939,1
3/2/20 01:30,0.99598926,1
3/2/20 01:40,0.99599254,1
3/2/20 01:50,0.9959869,1
3/2/20 02:00,0.9959892,1
3/2/20 02:10,0.9959921,1
3/2/20 02:19,0.9959893,1
3/2/20 02:29,0.99599576,1
3/2/20 02:40,0.99598825,1
3/2/20 02:50,0.99598825,1
3/2/20 03:00,0.99598336,1
3/2/20 03:10,0.99598074,1
3/2/20 03:19,0.9959891,1
3/2/20 03:29,0.99599123,1
3/2/20 03:39,0.9959954,1
3/2/20 03:49,0.9959985,1
3/2/20 04:00,0.99599123,1
3/2/20 04:10,0.9959823,1
3/2/20 04:20,0.9959817,1
3/2/20 04:30,0.9959971,1
3/2/20 04:39,0.99598324,1
3/2/20 04:49,0.99598706,1
3/2/20 04:59,0.9959911,1
3/2/20 05:10,0.9959849,1
3/2/20 05:20,0.9959921,1
3/2/20 05:30,0.9959914,1
3/2/20 05:40,0.99599147,1
3/2/20 05:49,0.9959884,1
3/2/20 05:59,0.99598604,1
3/2/20 06:09,0.9959798,1
3/2/20 06:20,0.995988,1
3/2/20 06:30,0.99598897,1
3/2/20 06:40,0.9959861,1
3/2/20 06:50,0.9959923,1
3/2/20 06:59,0.9959744,1
3/2/20 07:09,0.9959869,1
3/2/20 07:19,0.99598813,1
3/2/20 07:30,0.99598217,1
3/2/20 07:40,0.99599004,1
3/2/20 07:50,0.9959893,1
3/2/20 08:00,0.9959819,1
3/2/20 08:09,0.9959872,1
3/2/20 08:19,0.9959892,1
3/2/20 08:29,0.9959893,1
3/2/20 08:40,0.99599135,1
3/2/20 08:50,0.9959811,1
3/2/20 09:00,0.9959872,1
3/2/20 09:10,0.99598277,1
3/2/20 09:19,0.995988,1
3/2/20 09:29,0.995988,1
3/2/20 09:39,0.9959821,1
3/2/20 09:50,0.9959893,1
3/2/20 10:00,0.9959803,1
3/2/20 10:10,0.99599195,1
3/2/20 10:20,0.9959911,1
3/2/20 10:29,0.9959849,1
3/2/20 10:39,0.9959851,1
3/2/20 10:49,0.99598825,1
3/2/20 11:00,0.99598825,1
3/2/20 11:10,0.99598694,1
3/2/20 11:20,0.99598193,1
3/2/20 11:30,0.9959763,1
3/2/20 11:40,0.995988,1
3/2/20 11:49,0.99598515,1
3/2/20 11:59,0.9959814,1
3/2/20 12:09,0.99598277,1
3/2/20 12:20,0.99599016,1
3/2/20 12:30,0.9959806,1
3/2/20 12:40,0.9959839,1
3/2/20 12:50,0.9959914,1
3/2/20 12:59,0.9959907,1
3/2/20 13:09,0.99598396,1
3/2/20 13:19,0.99598074,1
3/2/20 13:30,0.99599445,1
3/2/20 13:40,0.9959923,1
3/2/20 13:50,0.9959786,1
3/2/20 14:00,0.9959856,1
3/2/20 14:09,0.99598163,1
3/2/20 14:19,0.99597865,1
3/2/20 14:29,0.9959743,1
3/2/20 14:40,0.9959731,1
3/2/20 14:50,0.9959707,1
3/2/20 15:00,0.9959741,1
3/2/20 15:10,0.99597365,1
3/2/20 15:19,0.99596786,1
3/2/20 15:29,0.9959694,1
3/2/20 15:39,0.9959649,1
3/2/20 15:50,0.99596214,1
3/2/20 16:00,0.9959512,1
3/2/20 16:10,0.9959607,1
3/2/20 16:20,0.9959471,1
3/2/20 16:29,0.9959554,1
3/2/20 16:39,0.99595416,1
3/2/20 16:49,0.99594057,1
3/2/20 17:00,0.9959531,1
3/2/20 17:10,0.9959419,1
3/2/20 17:20,0.9959409,1
3/2/20 17:30,0.9959439,1
3/2/20 17:39,0.995933,1
3/2/20 17:49,0.99593365,1
3/2/20 17:59,0.9959247,1
3/2/20 18:10,0.9959278,1
3/2/20 18:20,0.9959228,1
3/2/20 18:30,0.99591964,1
3/2/20 18:40,0.995924,1
3/2/20 18:49,0.99592197,1
3/2/20 18:59,0.9959167,1
3/2/20 19:09,0.9959089,1
3/2/20 19:20,0.99591327,1
3/2/20 19:30,0.99590164,1
3/2/20 19:40,0.9958922,1
3/2/20 19:50,0.99590385,1
3/2/20 19:59,0.9958995,1
3/2/20 20:09,0.99589825,1
3/2/20 20:19,0.99590164,1
3/2/20 20:30,0.99589634,1
3/2/20 20:40,0.99589026,1
3/2/20 20:50,0.9958974,1
3/2/20 21:00,0.99589217,1
3/2/20 21:09,0.99589837,1
3/2/20 21:19,0.9958917,1
3/2/20 21:29,0.99588585,1
3/2/20 21:40,0.9958825,1
3/2/20 21:50,0.9958627,1
3/2/20 22:00,0.99584234,1
3/2/20 22:10,0.9958385,1
3/2/20 22:19,0.99582684,1
3/2/20 22:29,0.9958247,1
3/2/20 22:39,0.99581945,1
3/2/20 22:50,0.9958035,1
3/2/20 23:00,0.9958126,1
3/2/20 23:10,0.99580693,1
3/2/20 23:20,0.9958025,1
3/2/20 23:29,0.9958029,1
3/2/20 23:39,0.99579847,1
3/2/20 23:49,0.99577427,1
3/3/20 00:00,0.9957788,1
3/3/20 00:10,0.99576575,1
3/3/20 00:20,0.9957651,1
3/3/20 00:30,0.9957588,1
3/3/20 00:39,0.9957622,1
3/3/20 00:49,0.9957682,1
3/3/20 00:59,0.99577206,1
3/3/20 01:10,0.9957704,1
3/3/20 01:20,0.9957775,1
3/3/20 01:30,0.9957714,1
3/3/20 01:40,0.995785,1
3/3/20 01:49,0.9957848,1
3/3/20 01:59,0.9957884,1
3/3/20 02:09,0.9957846,1
3/3/20 02:20,0.99577665,1
3/3/20 02:30,0.9957638,1
3/3/20 02:40,0.9957526,1
3/3/20 02:50,0.9957428,1
3/3/20 02:59,0.9957494,1
3/3/20 03:09,0.9957544,1
3/3/20 03:19,0.9957577,1
3/3/20 03:30,0.9957566,1
3/3/20 03:40,0.9957641,1
3/3/20 03:50,0.9957641,1
3/3/20 04:00,0.9957733,1
3/3/20 04:09,0.9957736,1
3/3/20 04:19,0.99578404,1
3/3/20 04:29,0.99579227,1
3/3/20 04:40,0.9957977,1
3/3/20 04:50,0.99580395,1
3/3/20 05:00,0.9958153,1
3/3/20 05:10,0.99583054,1
3/3/20 05:19,0.99582815,1
3/3/20 05:29,0.99583113,1
3/3/20 05:39,0.9958315,1
3/3/20 05:50,0.9958439,1
3/3/20 06:00,0.9958463,1
3/3/20 06:10,0.99584806,1
3/3/20 06:20,0.99585354,1
3/3/20 06:30,0.9958575,1
3/3/20 06:39,0.9958576,1
3/3/20 06:49,0.9958577,1
3/3/20 07:00,0.9958608,1
3/3/20 07:10,0.995865,1
3/3/20 07:20,0.9958692,1
3/3/20 07:30,0.9958701,1
3/3/20 07:40,0.9958819,1
3/3/20 07:49,0.99588096,1
3/3/20 07:59,0.99587965,1
3/3/20 08:10,0.995884,1
3/3/20 08:20,0.9958953,1
3/3/20 08:30,0.9958922,1
3/3/20 08:40,0.99589586,1
3/3/20 08:50,0.9959051,1
3/3/20 08:59,0.99589515,1
3/3/20 09:09,0.9959069,1
3/3/20 09:20,0.9959072,1
3/3/20 09:30,0.9959006,1
3/3/20 09:40,0.9959105,1
3/3/20 09:50,0.9959117,1
3/3/20 10:00,0.99591136,1
3/3/20 10:09,0.9959151,1
3/3/20 10:19,0.99591553,1
3/3/20 10:29,0.9959167,1
3/3/20 10:40,0.9959265,1
3/3/20 10:50,0.9959239,1
3/3/20 11:00,0.995927,1
3/3/20 11:10,0.9959316,1
3/3/20 11:19,0.99592644,1
3/3/20 11:29,0.99592644,1
3/3/20 11:39,0.99592614,1
3/3/20 11:50,0.995928,1
3/3/20 12:00,0.9959379,1
3/3/20 12:10,0.9959272,1
3/3/20 12:20,0.99593645,1
3/3/20 12:29,0.99593246,1
3/3/20 12:39,0.99593675,1
3/3/20 12:49,0.9959391,1
3/3/20 13:00,0.9959357,1
3/3/20 13:10,0.9959385,1
3/3/20 13:20,0.99593234,1
3/3/20 13:30,0.9959363,1
3/3/20 13:39,0.9959356,1
3/3/20 13:49,0.9959303,1
3/3/20 13:59,0.99593335,1
3/3/20 14:10,0.9959357,1
3/3/20 14:20,0.9959314,1
3/3/20 14:30,0.9959396,1
3/3/20 14:40,0.99592304,1
3/3/20 14:49,0.9959249,1
3/3/20 14:59,0.9959269,1
3/3/20 15:10,0.9959302,1
3/3/20 15:20,0.99592733,1
3/3/20 15:30,0.9959301,1
3/3/20 15:40,0.99591947,1
3/3/20 15:50,0.99591976,1
3/3/20 15:59,0.99591553,1
3/3/20 16:09,0.9959074,1
3/3/20 16:20,0.9960257,1
3/3/20 16:30,0.9958974,1
3/3/20 16:40,0.99586487,1
3/3/20 16:50,0.9958357,1
3/3/20 17:00,0.99580586,1
3/3/20 17:09,0.9957937,1
3/3/20 17:19,0.9957752,1
3/3/20 17:30,0.99578476,1
3/3/20 17:40,0.9957824,1
3/3/20 17:50,0.9957819,1
3/3/20 18:00,0.9957787,1
3/3/20 18:10,0.9957764,1
3/3/20 18:19,0.99578154,1
3/3/20 18:29,0.9957919,1
3/3/20 18:40,0.9957924,1
3/3/20 18:50,0.9957974,1
3/3/20 19:00,0.9957985,1
3/3/20 19:10,0.99580073,1
3/3/20 19:19,0.99581015,1
3/3/20 19:29,0.9958112,1
3/3/20 19:39,0.9958106,1
3/3/20 19:50,0.9958103,1
3/3/20 20:00,0.99581414,1
3/3/20 20:10,0.99581724,1
3/3/20 20:20,0.9958216,1
3/3/20 20:29,0.9958229,1
3/3/20 20:39,0.9958293,1
3/3/20 20:49,0.9958303,1
3/3/20 21:00,0.9958314,1
3/3/20 21:10,0.9958273,1
3/3/20 21:20,0.99583626,1
3/3/20 21:30,0.99584055,1
3/3/20 21:39,0.99583745,1
3/3/20 21:49,0.9958296,1
3/3/20 21:59,0.99581647,1
3/3/20 22:10,0.9958149,1
3/3/20 22:20,0.9958009,1
3/3/20 22:30,0.99578047,1
3/3/20 22:40,0.9957679,1
3/3/20 22:49,0.99577093,1
3/3/20 22:59,0.995763,1
3/3/20 23:09,0.9957651,1
3/3/20 23:20,0.99576426,1
3/3/20 23:30,0.9957805,1
3/3/20 23:40,0.99577653,1
3/3/20 23:50,0.99578,1
3/4/20 00:00,0.99577665,1
3/4/20 00:09,0.9957863,1
3/4/20 00:19,0.9957765,1
3/4/20 00:30,0.99578166,1
3/4/20 00:40,0.9957766,1
3/4/20 00:50,0.99577725,1
3/4/20 01:00,0.9957819,1
3/4/20 01:10,0.9958024,1
3/4/20 01:19,0.99574804,1
3/4/20 01:29,0.9957462,1
3/4/20 01:40,0.995739,1
3/4/20 01:50,0.99573886,1
3/4/20 02:00,0.99573684,1
3/4/20 02:10,0.99574023,1
3/4/20 02:20,0.9957377,1
3/4/20 02:29,0.9957398,1
3/4/20 02:39,0.99574727,1
3/4/20 02:50,0.99575067,1
3/4/20 03:00,0.99574804,1
3/4/20 03:10,0.9957634,1
3/4/20 03:20,0.9957695,1
3/4/20 03:30,0.9957681,1
3/4/20 03:39,0.99578524,1
3/4/20 03:49,0.99579126,1
3/4/20 04:00,0.9958027,1
3/4/20 04:10,0.9958023,1
3/4/20 04:20,0.99581134,1
3/4/20 04:30,0.9958195,1
3/4/20 04:40,0.9958207,1
3/4/20 04:49,0.99583423,1
3/4/20 04:59,0.9958426,1
3/4/20 05:09,0.99584925,1
3/4/20 05:20,0.99585444,1
3/4/20 05:30,0.9958596,1
3/4/20 05:40,0.9958652,1
3/4/20 05:50,0.9958693,1
3/4/20 06:00,0.99587345,1
3/4/20 06:09,0.9958838,1
3/4/20 06:19,0.9958861,1
3/4/20 06:30,0.9958938,1
3/4/20 06:40,0.99589574,1
3/4/20 06:50,0.99589646,1
3/4/20 07:00,0.9959146,1
3/4/20 07:09,0.9959104,1
3/4/20 07:19,0.99591756,1
3/4/20 07:30,0.9959177,1
3/4/20 07:40,0.99591637,1
3/4/20 07:50,0.99591947,1
3/4/20 08:00,0.9959229,1
3/4/20 08:10,0.99593574,1
3/4/20 08:19,0.9959303,1
3/4/20 08:29,0.99593747,1
3/4/20 08:40,0.9959323,1
3/4/20 08:50,0.99593055,1
3/4/20 09:00,0.99593997,1
3/4/20 09:10,0.99594826,1
3/4/20 09:20,0.9959513,1
3/4/20 09:29,0.99595034,1
3/4/20 09:39,0.99595225,1
3/4/20 09:50,0.9959573,1
3/4/20 10:00,0.99596167,1
3/4/20 10:10,0.9959587,1
3/4/20 10:20,0.995965,1
3/4/20 10:30,0.9959672,1
3/4/20 10:40,0.9959669,1
3/4/20 10:49,0.9959775,1
3/4/20 10:59,0.99597126,1
3/4/20 11:10,0.9959714,1
3/4/20 11:20,0.99597865,1
3/4/20 11:30,0.9959753,1
3/4/20 11:40,0.9959744,1
3/4/20 11:50,0.99598503,1
3/4/20 11:59,0.99598145,1
3/4/20 12:09,0.9959841,1
3/4/20 12:20,0.99598503,1
3/4/20 12:30,0.99598616,1
3/4/20 12:40,0.99598587,1
3/4/20 12:50,0.99598587,1
3/4/20 12:59,0.9959923,1
3/4/20 13:09,0.99599016,1
3/4/20 13:19,0.9959816,1
3/4/20 13:30,0.9959931,1
3/4/20 13:40,0.9959805,1
3/4/20 13:50,0.99598277,1
3/4/20 14:00,0.9959823,1
3/4/20 14:10,0.99597764,1
3/4/20 14:19,0.9959775,1
3/4/20 14:29,0.99597466,1
3/4/20 14:40,0.9959739,1
3/4/20 14:50,0.995975,1
3/4/20 15:00,0.9959763,1
3/4/20 15:10,0.99596786,1
3/4/20 15:20,0.9959773,1
3/4/20 15:29,0.9959638,1
3/4/20 15:39,0.9959598,1
3/4/20 15:50,0.99595726,1
3/4/20 16:00,0.9959588,1
3/4/20 16:10,0.99595004,1
3/4/20 16:20,0.995955,1
3/4/20 16:30,0.99595094,1
3/4/20 16:39,0.9959565,1
3/4/20 16:49,0.9959488,1
3/4/20 17:00,0.9959508,1
3/4/20 17:10,0.99595517,1
3/4/20 17:20,0.9959469,1
3/4/20 17:30,0.9959439,1
3/4/20 17:40,0.99593854,1
3/4/20 17:49,0.99593943,1
3/4/20 17:59,0.9959365,1
3/4/20 18:10,0.99593854,1
3/4/20 18:20,0.9959302,1
3/4/20 18:30,0.9959271,1
3/4/20 18:40,0.99593115,1
3/4/20 18:50,0.9959245,1
3/4/20 18:59,0.9959234,1
3/4/20 19:09,0.9959175,1
3/4/20 19:20,0.9959204,1
3/4/20 19:30,0.9959223,1
3/4/20 19:40,0.9959153,1
3/4/20 19:50,0.99590695,1
3/4/20 20:00,0.9959101,1
3/4/20 20:09,0.99590886,1
3/4/20 20:19,0.99590284,1
3/4/20 20:30,0.9959115,1
3/4/20 20:40,0.995901,1
3/4/20 20:50,0.99590075,1
3/4/20 21:00,0.9958981,1
3/4/20 21:10,0.99589074,1
3/4/20 21:19,0.9958869,1
3/4/20 21:29,0.99588466,1
3/4/20 21:40,0.9958805,1
3/4/20 21:50,0.9958817,1
3/4/20 22:00,0.995878,1
3/4/20 22:10,0.9958765,1
3/4/20 22:20,0.995877,1
3/4/20 22:29,0.99588054,1
3/4/20 22:39,0.9958843,1
3/4/20 22:50,0.9958773,1
3/4/20 23:00,0.99588394,1
3/4/20 23:10,0.99589086,1
3/4/20 23:20,0.99589634,1
3/4/20 23:29,0.9958974,1
3/4/20 23:39,0.9958953,1
3/4/20 23:49,0.9958981,1
3/5/20 00:00,0.99588954,1
3/5/20 00:10,0.99589336,1
3/5/20 00:20,0.99588704,1
3/5/20 00:30,0.99588144,1
3/5/20 00:40,0.9958817,1
3/5/20 00:49,0.9958836,1
3/5/20 00:59,0.99587786,1
3/5/20 01:10,0.9958886,1
3/5/20 01:20,0.99587727,1
3/5/20 01:30,0.9958877,1
3/5/20 01:40,0.99588335,1
3/5/20 01:50,0.9958856,1
3/5/20 01:59,0.99588263,1
3/5/20 02:09,0.9958792,1
3/5/20 02:20,0.99587834,1
3/5/20 02:30,0.99587584,1
3/5/20 02:40,0.9958742,1
3/5/20 02:50,0.9958832,1
3/5/20 03:00,0.99588436,1
3/5/20 03:09,0.995898,1
3/5/20 03:19,0.99588585,1
3/5/20 03:30,0.9958942,1
3/5/20 03:40,0.9958912,1
3/5/20 03:50,0.9958986,1
3/5/20 04:00,0.9958911,1
3/5/20 04:10,0.995895,1
3/5/20 04:19,0.995901,1
3/5/20 04:29,0.9959042,1
3/5/20 04:40,0.9959075,1
3/5/20 04:50,0.99590886,1
3/5/20 05:00,0.9959136,1
3/5/20 05:10,0.99592024,1
3/5/20 05:20,0.99591744,1
3/5/20 05:29,0.9959246,1
3/5/20 05:39,0.9959278,1
3/5/20 05:50,0.9959246,1
3/5/20 06:00,0.9959308,1
3/5/20 06:10,0.99592453,1
3/5/20 06:20,0.9959351,1
3/5/20 06:30,0.9959371,1
3/5/20 06:39,0.9959338,1
3/5/20 06:49,0.99594545,1
3/5/20 07:00,0.9959487,1
3/5/20 07:10,0.99595195,1
3/5/20 07:20,0.9959518,1
3/5/20 07:30,0.99594253,1
3/5/20 07:40,0.9959545,1
3/5/20 07:49,0.9959558,1
3/5/20 07:59,0.9959507,1
3/5/20 08:10,0.9959636,1
3/5/20 08:20,0.9959632,1
3/5/20 08:30,0.9959618,1
3/5/20 08:40,0.9959636,1
3/5/20 08:50,0.99597156,1
3/5/20 08:59,0.99596417,1
3/5/20 09:09,0.99597305,1
3/5/20 09:20,0.9959708,1
3/5/20 09:30,0.9959762,1
3/5/20 09:40,0.9959801,1
3/5/20 09:50,0.9959749,1
3/5/20 10:00,0.99597764,1
3/5/20 10:09,0.99597925,1
3/5/20 10:19,0.99599534,1
3/5/20 10:29,0.9959867,1
3/5/20 10:40,0.9959855,1
3/5/20 10:50,0.99597913,1
3/5/20 11:00,0.99598026,1
3/5/20 11:10,0.99598515,1
3/5/20 11:20,0.99598724,1
3/5/20 11:29,0.99598664,1
3/5/20 11:39,0.995996,1
3/5/20 11:50,0.9959999,1
3/5/20 12:00,0.9959916,1
3/5/20 12:10,0.99599195,1
3/5/20 12:20,0.99598736,1
3/5/20 12:30,0.9959927,1
3/5/20 12:39,0.99599487,1
3/5/20 12:49,0.99599874,1
3/5/20 13:00,0.9959904,1
3/5/20 13:10,0.99598527,1
3/5/20 13:20,0.9959872,1
3/5/20 13:30,0.9959866,1
3/5/20 13:40,0.9959924,1
3/5/20 13:49,0.9959835,1
3/5/20 13:59,0.9959887,1
3/5/20 14:10,0.9959866,1
3/5/20 14:20,0.99599075,1
3/5/20 14:30,0.9959814,1
3/5/20 14:40,0.99597704,1
3/5/20 14:50,0.9959798,1
3/5/20 14:59,0.9959748,1
3/5/20 15:09,0.99597573,1
3/5/20 15:20,0.9959762,1
3/5/20 15:30,0.99597144,1
3/5/20 15:40,0.99596846,1
3/5/20 15:50,0.99595857,1
3/5/20 16:00,0.99596006,1
3/5/20 16:09,0.995952,1
3/5/20 16:19,0.99595785,1
3/5/20 16:30,0.995952,1
3/5/20 16:40,0.99595416,1
3/5/20 16:50,0.99594843,1
3/5/20 17:00,0.99593914,1
3/5/20 17:10,0.99594116,1
3/5/20 17:19,0.9959452,1
3/5/20 17:29,0.99594146,1
3/5/20 17:40,0.995937,1
3/5/20 17:50,0.99592865,1
3/5/20 18:00,0.9959316,1
3/5/20 18:10,0.9959295,1
3/5/20 18:20,0.9959284,1
3/5/20 18:29,0.9959319,1
3/5/20 18:39,0.9959378,1
3/5/20 18:50,0.9959279,1
3/5/20 19:00,0.99592865,1
3/5/20 19:10,0.99592113,1
3/5/20 19:20,0.9959147,1
3/5/20 19:30,0.99592304,1
3/5/20 19:39,0.99591625,1
3/5/20 19:49,0.9959161,1
3/5/20 20:00,0.99590856,1
3/5/20 20:10,0.9959178,1
3/5/20 20:20,0.99590003,1
3/5/20 20:30,0.9959083,1
3/5/20 20:40,0.99591285,1
3/5/20 20:49,0.99589753,1
3/5/20 20:59,0.99589777,1
3/5/20 21:10,0.99590313,1
3/5/20 21:20,0.99589694,1
3/5/20 21:30,0.9958925,1
3/5/20 21:40,0.9958854,1
3/5/20 21:50,0.9958874,1
3/5/20 22:00,0.9958831,1
3/5/20 22:09,0.9958832,1
3/5/20 22:20,0.9958811,1
3/5/20 22:30,0.9958915,1
3/5/20 22:40,0.9958831,1
3/5/20 22:50,0.9958706,1
3/5/20 23:00,0.9958705,1
3/5/20 23:10,0.99587274,1
3/5/20 23:19,0.99587494,1
3/5/20 23:30,0.99587536,1
3/5/20 23:40,0.99587774,1
3/5/20 23:50,0.99588454,1
3/6/20 00:00,0.995878,1
3/6/20 00:10,0.9958823,1
3/6/20 00:20,0.9958756,1
3/6/20 00:29,0.99587965,1
3/6/20 00:39,0.9958757,1
3/6/20 00:50,0.9958781,1
3/6/20 01:00,0.99587226,1
3/6/20 01:10,0.99587977,1
3/6/20 01:20,0.9958653,1
3/6/20 01:30,0.99584854,1
3/6/20 01:39,0.995872,1
3/6/20 01:50,0.99581057,1
3/6/20 02:00,0.9957894,1
3/6/20 02:10,0.9957855,1
3/6/20 02:20,0.99580324,1
3/6/20 02:30,0.99579823,1
3/6/20 02:40,0.9957446,1
3/6/20 02:49,0.9957281,1
3/6/20 03:00,0.9957361,1
3/6/20 03:10,0.9957268,1
3/6/20 03:20,0.9957278,1
3/6/20 03:30,0.9957365,1
3/6/20 03:40,0.9957373,1
3/6/20 03:50,0.99574006,1
3/6/20 03:59,0.9957434,1
3/6/20 04:10,0.9957602,1
3/6/20 04:20,0.99577075,1
3/6/20 04:30,0.99578345,1
3/6/20 04:40,0.9957948,1
3/6/20 04:50,0.9957988,1
3/6/20 05:00,0.9958031,1
3/6/20 05:09,0.99581575,1
3/6/20 05:20,0.99582225,1
3/6/20 05:30,0.9958386,1
3/6/20 05:40,0.9958378,1
3/6/20 05:50,0.9958432,1
3/6/20 06:00,0.99585795,1
3/6/20 06:10,0.9958663,1
3/6/20 06:19,0.99586225,1
3/6/20 06:30,0.9958687,1
3/6/20 06:40,0.9958782,1
3/6/20 06:50,0.9958798,1
3/6/20 07:00,0.9958949,1
3/6/20 07:10,0.9958978,1
3/6/20 07:20,0.99590623,1
3/6/20 07:29,0.9959097,1
3/6/20 07:40,0.9959116,1
3/6/20 07:50,0.9959109,1
3/6/20 08:00,0.9959097,1
3/6/20 08:10,0.9959179,1
3/6/20 08:20,0.99592644,1
3/6/20 08:30,0.9959383,1
3/6/20 08:39,0.9959264,1
3/6/20 08:50,0.9959373,1
3/6/20 09:00,0.99593794,1
3/6/20 09:10,0.9959426,1
3/6/20 09:20,0.9959432,1
3/6/20 09:30,0.9959416,1
3/6/20 09:40,0.9959592,1
3/6/20 09:49,0.995957,1
3/6/20 10:00,0.9959477,1
3/6/20 10:10,0.9959555,1
3/6/20 10:20,0.99595475,1
3/6/20 10:30,0.99596345,1
3/6/20 10:40,0.99596304,1
3/6/20 10:50,0.99597275,1
3/6/20 10:59,0.9959762,1
3/6/20 11:10,0.9959738,1
3/6/20 11:20,0.9959704,1
3/6/20 11:30,0.99598324,1
3/6/20 11:40,0.9959872,1
3/6/20 11:50,0.99598527,1
3/6/20 12:00,0.9959874,1
3/6/20 12:09,0.99598277,1
3/6/20 12:20,0.9959867,1
3/6/20 12:30,0.9959843,1
3/6/20 12:40,0.9959879,1
3/6/20 12:50,0.99598813,1
3/6/20 13:00,0.99599135,1
3/6/20 13:10,0.99599123,1
3/6/20 13:19,0.9959832,1
3/6/20 13:30,0.9959902,1
3/6/20 13:40,0.9959915,1
3/6/20 13:50,0.9959892,1
3/6/20 14:00,0.99598074,1
3/6/20 14:10,0.99598366,1
3/6/20 14:20,0.9959798,1
3/6/20 14:29,0.99597967,1
3/6/20 14:40,0.9959817,1
3/6/20 14:50,0.9959737,1
3/6/20 15:00,0.99597836,1
3/6/20 15:10,0.99597776,1
3/6/20 15:20,0.99597883,1
3/6/20 15:30,0.9959737,1
3/6/20 15:39,0.99597734,1
3/6/20 15:50,0.9959817,1
3/6/20 16:00,0.99598014,1
3/6/20 16:10,0.9959789,1
3/6/20 16:20,0.99598396,1
3/6/20 16:30,0.9959799,1
3/6/20 16:40,0.99598116,1
3/6/20 16:49,0.99597144,1
3/6/20 17:00,0.9959713,1
3/6/20 17:10,0.99597716,1
3/6/20 17:20,0.9959767,1
3/6/20 17:30,0.99597,1
3/6/20 17:40,0.9959755,1
3/6/20 17:50,0.9959694,1
3/6/20 17:59,0.995966,1
3/6/20 18:10,0.99596804,1
3/6/20 18:20,0.99596715,1
3/6/20 18:30,0.9959748,1
3/6/20 18:40,0.9959631,1
3/6/20 18:50,0.99596924,1
3/6/20 19:00,0.9959651,1
3/6/20 19:09,0.9959662,1
3/6/20 19:20,0.9959654,1
3/6/20 19:30,0.9959549,1
3/6/20 19:40,0.9959557,1
3/6/20 19:49,0.9959618,1
3/6/20 20:00,0.99596167,1
3/6/20 20:10,0.99596584,1
3/6/20 20:20,0.9959514,1
3/6/20 20:30,0.99595577,1
3/6/20 20:40,0.9959487,1
3/6/20 20:50,0.99595016,1
3/6/20 20:59,0.9959474,1
3/6/20 21:10,0.99594474,1
3/6/20 21:20,0.99594384,1
3/6/20 21:30,0.99595,1
3/6/20 21:40,0.99594223,1
3/6/20 21:50,0.9959389,1
3/6/20 21:59,0.99593794,1
3/6/20 22:09,0.9959426,1
3/6/20 22:20,0.99594176,1
3/6/20 22:30,0.9959377,1
3/6/20 22:40,0.9959379,1
3/6/20 22:50,0.995931,1
3/6/20 23:00,0.99593645,1
3/6/20 23:09,0.99592423,1
3/6/20 23:20,0.9959314,1
3/6/20 23:30,0.9959407,1
3/6/20 23:40,0.9959369,1
3/6/20 23:50,0.9959365,1
3/7/20 00:00,0.995942,1
3/7/20 00:09,0.9959358,1
3/7/20 00:19,0.99593556,1
3/7/20 00:30,0.9959281,1
3/7/20 00:40,0.995942,1
3/7/20 00:50,0.9959352,1
3/7/20 01:00,0.9959376,1
3/7/20 01:10,0.99593455,1
3/7/20 01:19,0.99593997,1
3/7/20 01:30,0.995929,1
3/7/20 01:40,0.99592096,1
3/7/20 01:50,0.9959345,1
3/7/20 02:00,0.99593294,1
3/7/20 02:10,0.99592525,1
3/7/20 02:19,0.9959166,1
3/7/20 02:30,0.9959769,1
3/7/20 02:40,0.99589634,1
3/7/20 02:50,0.9958645,1
3/7/20 03:00,0.99585015,1
3/7/20 03:10,0.99583197,1
3/7/20 03:20,0.9958289,1
3/7/20 03:29,0.9958184,1
3/7/20 03:40,0.995823,1
3/7/20 03:50,0.99581945,1
3/7/20 04:00,0.99582297,1
3/7/20 04:10,0.9958334,1
3/7/20 04:20,0.995844,1
3/7/20 04:29,0.9958501,1
3/7/20 04:40,0.99585646,1
3/7/20 04:50,0.99586713,1