,time,damage
0,2/29/20 05:00,0.35885283
1,2/29/20 05:10,0.35879305
2,2/29/20 05:20,0.3587936
3,2/29/20 05:30,0.35853004
4,2/29/20 05:40,0.3589137
5,2/29/20 05:49,0.358838
6,2/29/20 05:59,0.358855
7,2/29/20 06:10,0.35840398
8,2/29/20 06:20,0.3584537
9,2/29/20 06:30,0.35841978
10,2/29/20 06:40,0.35866457
11,2/29/20 06:50,0.35872465
12,2/29/20 06:59,0.35865062
13,2/29/20 07:09,0.35848075
14,2/29/20 07:20,0.35846102
15,2/29/20 07:30,0.3583299
16,2/29/20 07:40,0.3586585
17,2/29/20 07:50,0.3588076
18,2/29/20 08:00,0.3583446
19,2/29/20 08:09,0.3582563
20,2/29/20 08:19,0.35861844
21,2/29/20 08:30,0.3589428
22,2/29/20 08:40,0.35848588
23,2/29/20 08:50,0.35816193
24,2/29/20 09:00,0.35829288
25,2/29/20 09:10,0.35869578
26,2/29/20 09:19,0.3588254
27,2/29/20 09:29,0.35832956
28,2/29/20 09:40,0.35796386
29,2/29/20 09:50,0.35861716
30,2/29/20 10:00,0.35861874
31,2/29/20 10:10,0.35860968
32,2/29/20 10:20,0.3576421
33,2/29/20 10:29,0.35804424
34,2/29/20 10:39,0.358105
35,2/29/20 10:50,0.35789764
36,2/29/20 11:00,0.35827368
37,2/29/20 11:10,0.35768345
38,2/29/20 11:20,0.35794407
39,2/29/20 11:30,0.35796347
40,2/29/20 11:39,0.3587228
41,2/29/20 11:49,0.3579029
42,2/29/20 12:00,0.3582573
43,2/29/20 12:10,0.35799357
44,2/29/20 12:20,0.3579494
45,2/29/20 12:30,0.35820532
46,2/29/20 12:40,0.35838798
47,2/29/20 12:49,0.35798317
48,2/29/20 12:59,0.35760826
49,2/29/20 13:10,0.35844952
50,2/29/20 13:20,0.35877016
51,2/29/20 13:30,0.358441
52,2/29/20 13:40,0.358702
53,2/29/20 13:50,0.35876238
54,2/29/20 13:59,0.3583448
55,2/29/20 14:09,0.3583993
56,2/29/20 14:20,0.3584333
57,2/29/20 14:30,0.35871226
58,2/29/20 14:40,0.35829133
59,2/29/20 14:50,0.35872826
60,2/29/20 15:00,0.3580034
61,2/29/20 15:09,0.3578614
62,2/29/20 15:19,0.35828024
63,2/29/20 15:30,0.3581013
64,2/29/20 15:40,0.35803378
65,2/29/20 15:50,0.3583489
66,2/29/20 16:00,0.35857606
67,2/29/20 16:10,0.35815468
68,2/29/20 16:19,0.35863003
69,2/29/20 16:29,0.35840702
70,2/29/20 16:40,0.35881883
71,2/29/20 16:50,0.35861075
72,2/29/20 17:00,0.3585311
73,2/29/20 17:10,0.35830277
74,2/29/20 17:20,0.35851535
75,2/29/20 17:29,0.35832572
76,2/29/20 17:39,0.35822287
77,2/29/20 17:50,0.35837257
78,2/29/20 18:00,0.35841724
79,2/29/20 18:10,0.35842335
80,2/29/20 18:20,0.35846537
81,2/29/20 18:30,0.3581162
82,2/29/20 18:40,0.3586775
83,2/29/20 18:49,0.3586326
84,2/29/20 18:59,0.35860062
85,2/29/20 19:10,0.3584504
86,2/29/20 19:20,0.35850093
87,2/29/20 19:30,0.35832828
88,2/29/20 19:40,0.3585744
89,2/29/20 19:50,0.35866606
90,2/29/20 19:59,0.35857102
91,2/29/20 20:09,0.35848865
92,2/29/20 20:20,0.35859412
93,2/29/20 20:30,0.3583982
94,2/29/20 20:40,0.3584128
95,2/29/20 20:50,0.35856205
96,2/29/20 21:00,0.3583389
97,2/29/20 21:09,0.35795206
98,2/29/20 21:20,0.35871804
99,2/29/20 21:30,0.35851693
100,2/29/20 21:40,0.35809782
101,2/29/20 21:50,0.35831553
102,2/29/20 22:00,0.35843617
103,2/29/20 22:10,0.35856253
104,2/29/20 22:19,0.3586508
105,2/29/20 22:29,0.35759303
106,2/29/20 22:40,0.35850716
107,2/29/20 22:50,0.35844973
108,2/29/20 23:00,0.3582735
109,2/29/20 23:10,0.35816884
110,2/29/20 23:20,0.35829383
111,2/29/20 23:29,0.35786477
112,2/29/20 23:39,0.35777614
113,2/29/20 23:50,0.3583581
114,3/1/20 00:00,0.35817522
115,3/1/20 00:10,0.357808
116,3/1/20 00:20,0.35793614
117,3/1/20 00:30,0.35789877
118,3/1/20 00:39,0.35815227
119,3/1/20 00:50,0.35806423
120,3/1/20 01:00,0.3585952
121,3/1/20 01:10,0.35806283
122,3/1/20 01:20,0.35810176
123,3/1/20 01:30,0.35805148
124,3/1/20 01:39,0.35780567
125,3/1/20 01:49,0.35860935
126,3/1/20 02:00,0.35815534
127,3/1/20 02:10,0.35836986
128,3/1/20 02:30,0.35857064
129,3/1/20 02:40,0.35846645
130,3/1/20 02:49,0.35828167
131,3/1/20 02:59,0.35832286
132,3/1/20 03:10,0.35838595
133,3/1/20 03:20,0.35845315
134,3/1/20 03:30,0.35848475
135,3/1/20 03:40,0.35866147
136,3/1/20 03:50,0.35912722
137,3/1/20 04:00,0.35853273
138,3/1/20 04:09,0.35873252
139,3/1/20 04:20,0.3582008
140,3/1/20 04:30,0.35840648
141,3/1/20 04:40,0.3586179
142,3/1/20 04:50,0.35839322
143,3/1/20 05:00,0.35845715
144,3/1/20 05:10,0.35836676
145,3/1/20 05:19,0.35851985
146,3/1/20 05:30,0.3586101
147,3/1/20 05:40,0.35820073
148,3/1/20 05:50,0.35848632
149,3/1/20 06:00,0.35846797
150,3/1/20 06:10,0.359015
151,3/1/20 06:20,0.3587429
152,3/1/20 06:29,0.35867968
153,3/1/20 06:39,0.35816365
154,3/1/20 06:50,0.35771328
155,3/1/20 07:00,0.35791457
156,3/1/20 07:10,0.35800943
157,3/1/20 07:20,0.35881206
158,3/1/20 07:30,0.35827994
159,3/1/20 07:39,0.3583722
160,3/1/20 07:49,0.3583441
161,3/1/20 08:00,0.35857898
162,3/1/20 08:10,0.35826695
163,3/1/20 08:20,0.35863984
164,3/1/20 08:30,0.35881397
165,3/1/20 08:40,0.3585924
166,3/1/20 08:50,0.3585184
167,3/1/20 08:59,0.35861894
168,3/1/20 09:10,0.35858718
169,3/1/20 09:20,0.35855567
170,3/1/20 09:30,0.3587141
171,3/1/20 09:40,0.3586706
172,3/1/20 09:50,0.35886493
173,3/1/20 10:00,0.35825157
174,3/1/20 10:09,0.35828125
175,3/1/20 10:20,0.35802424
176,3/1/20 10:30,0.35814214
177,3/1/20 10:40,0.3578871
178,3/1/20 10:50,0.3585217
179,3/1/20 11:00,0.35804412
180,3/1/20 11:10,0.35847557
181,3/1/20 11:19,0.3581174
182,3/1/20 11:30,0.3582046
183,3/1/20 11:40,0.35825852
184,3/1/20 11:50,0.35815674
185,3/1/20 12:00,0.3578744
186,3/1/20 12:10,0.3576486
187,3/1/20 12:20,0.35802263
188,3/1/20 12:29,0.35812944
189,3/1/20 12:39,0.35811675
190,3/1/20 12:50,0.3582294
191,3/1/20 13:00,0.3579771
192,3/1/20 13:10,0.357951
193,3/1/20 13:20,0.35839617
194,3/1/20 13:30,0.35800874
195,3/1/20 13:39,0.35800558
196,3/1/20 13:49,0.35811132
197,3/1/20 14:00,0.35803008
198,3/1/20 14:10,0.3582607
199,3/1/20 14:20,0.3579924
200,3/1/20 14:30,0.35805643
201,3/1/20 14:40,0.35812512
202,3/1/20 14:50,0.35801947
203,3/1/20 14:59,0.35827544
204,3/1/20 15:10,0.3587749
205,3/1/20 15:20,0.35823065
206,3/1/20 15:30,0.35852802
207,3/1/20 15:40,0.35817307
208,3/1/20 15:50,0.358024
209,3/1/20 16:00,0.35851127
210,3/1/20 16:09,0.3588968
211,3/1/20 16:20,0.35816586
212,3/1/20 16:30,0.3586308
213,3/1/20 16:40,0.35867202
214,3/1/20 16:50,0.35825926
215,3/1/20 17:00,0.35841706
216,3/1/20 17:09,0.35852826
217,3/1/20 17:19,0.35861617
218,3/1/20 17:30,0.35876644
219,3/1/20 17:40,0.35861486
220,3/1/20 17:50,0.35836545
221,3/1/20 18:00,0.3585053
222,3/1/20 18:10,0.35858095
223,3/1/20 18:19,0.35842565
224,3/1/20 18:29,0.35824826
225,3/1/20 18:40,0.35844746
226,3/1/20 18:50,0.35829931
227,3/1/20 19:00,0.35798904
228,3/1/20 19:10,0.35885072
229,3/1/20 19:20,0.35899234
230,3/1/20 19:30,0.35861585
231,3/1/20 19:39,0.35851902
232,3/1/20 19:50,0.35915816
233,3/1/20 20:00,0.35870025
234,3/1/20 20:10,0.3581645
235,3/1/20 20:20,0.35850027
236,3/1/20 20:30,0.3585562
237,3/1/20 20:40,0.35880822
238,3/1/20 20:49,0.35847783
239,3/1/20 21:00,0.35852987
240,3/1/20 21:10,0.35839725
241,3/1/20 21:20,0.35850388
242,3/1/20 21:30,0.35870144
243,3/1/20 21:40,0.3586462
244,3/1/20 21:50,0.3585171
245,3/1/20 21:59,0.3589023
246,3/1/20 22:10,0.35871297
247,3/1/20 22:20,0.35892767
248,3/1/20 22:30,0.35889584
249,3/1/20 22:40,0.35832942
250,3/1/20 22:50,0.35876998
251,3/1/20 23:00,0.3588697
252,3/1/20 23:09,0.35883266
253,3/1/20 23:20,0.35893205
254,3/1/20 23:30,0.35857385
255,3/1/20 23:40,0.3587247
256,3/1/20 23:50,0.35860115
257,3/2/20 00:00,0.35911173
258,3/2/20 00:10,0.3588695
259,3/2/20 00:19,0.35849983
260,3/2/20 00:30,0.35825777
261,3/2/20 00:40,0.3582356
262,3/2/20 00:50,0.35834733
263,3/2/20 01:00,0.3587017
264,3/2/20 01:10,0.3592127
265,3/2/20 01:19,0.3582195
266,3/2/20 01:30,0.35841727
267,3/2/20 01:40,0.35873336
268,3/2/20 01:50,0.35828227
269,3/2/20 02:00,0.35858306
270,3/2/20 02:10,0.3588515
271,3/2/20 02:20,0.35900742
272,3/2/20 02:29,0.35880625
273,3/2/20 02:40,0.35851127
274,3/2/20 02:50,0.3586111
275,3/2/20 03:00,0.3581667
276,3/2/20 03:10,0.35860044
277,3/2/20 03:20,0.35920337
278,3/2/20 03:30,0.35882974
279,3/2/20 03:39,0.3587692
280,3/2/20 03:49,0.35875034
281,3/2/20 04:00,0.35847354
282,3/2/20 04:10,0.35851243
283,3/2/20 04:20,0.3587101
284,3/2/20 04:30,0.35876104
285,3/2/20 04:40,0.35856557
286,3/2/20 04:50,0.35841653
287,3/2/20 04:59,0.35883808
288,3/2/20 05:10,0.35857093
289,3/2/20 05:20,0.3586978
290,3/2/20 05:30,0.358608
291,3/2/20 05:40,0.3587455
292,3/2/20 05:50,0.35819432
293,3/2/20 05:59,0.3589645
294,3/2/20 06:09,0.35836262
295,3/2/20 06:20,0.3588591
296,3/2/20 06:30,0.35881898
297,3/2/20 06:40,0.35836393
298,3/2/20 06:50,0.35873637
299,3/2/20 07:00,0.358159
300,3/2/20 07:09,0.35882908
301,3/2/20 07:19,0.35865957
302,3/2/20 07:30,0.35842448
303,3/2/20 07:40,0.3586648
304,3/2/20 07:50,0.35870945
305,3/2/20 08:00,0.35878086
306,3/2/20 08:10,0.3587655
307,3/2/20 08:20,0.35817719
308,3/2/20 08:29,0.3586929
309,3/2/20 08:40,0.35855418
310,3/2/20 08:50,0.3588805
311,3/2/20 09:00,0.35857165
312,3/2/20 09:10,0.35890877
313,3/2/20 09:20,0.35846287
314,3/2/20 09:30,0.3586093
315,3/2/20 09:39,0.35847384
316,3/2/20 09:50,0.3583145
317,3/2/20 10:00,0.35822707
318,3/2/20 10:10,0.35827243
319,3/2/20 10:20,0.35835424
320,3/2/20 10:30,0.35819927
321,3/2/20 10:40,0.3584047
322,3/2/20 10:49,0.35847253
323,3/2/20 11:00,0.35843676
324,3/2/20 11:10,0.35836732
325,3/2/20 11:20,0.3582365
326,3/2/20 11:30,0.35826266
327,3/2/20 11:40,0.35842463
328,3/2/20 11:50,0.35828832
329,3/2/20 11:59,0.35826272
330,3/2/20 12:09,0.35821944
331,3/2/20 12:20,0.35834593
332,3/2/20 12:30,0.35845697
333,3/2/20 12:40,0.3584941
334,3/2/20 12:50,0.35785282
335,3/2/20 13:00,0.3584752
336,3/2/20 13:09,0.35863572
337,3/2/20 13:19,0.35798782
338,3/2/20 13:30,0.3585105
339,3/2/20 13:40,0.35890257
340,3/2/20 13:50,0.35859248
341,3/2/20 14:00,0.35879093
342,3/2/20 14:10,0.35841152
343,3/2/20 14:20,0.35841328
344,3/2/20 14:29,0.358724
345,3/2/20 14:40,0.35875037
346,3/2/20 14:50,0.35915986
347,3/2/20 15:00,0.35924447
348,3/2/20 15:10,0.35920307
349,3/2/20 15:20,0.35955465
350,3/2/20 15:30,0.3593046
351,3/2/20 15:39,0.35949904
352,3/2/20 15:50,0.3595965
353,3/2/20 16:00,0.36010092
354,3/2/20 16:10,0.35961354
355,3/2/20 16:20,0.35993493
356,3/2/20 16:30,0.3602557
357,3/2/20 16:40,0.36010966
358,3/2/20 16:49,0.36037028
359,3/2/20 17:00,0.3602849
360,3/2/20 17:10,0.35995322
361,3/2/20 17:20,0.36037326
362,3/2/20 17:30,0.36011535
363,3/2/20 17:40,0.36077046
364,3/2/20 17:50,0.3609388
365,3/2/20 17:59,0.36058345
366,3/2/20 18:10,0.36074245
367,3/2/20 18:20,0.36076182
368,3/2/20 18:30,0.36127442
369,3/2/20 18:40,0.3612429
370,3/2/20 18:50,0.3612666
371,3/2/20 19:00,0.36127388
372,3/2/20 19:09,0.36172605
373,3/2/20 19:20,0.36162567
374,3/2/20 19:30,0.36175722
375,3/2/20 19:40,0.3618092
376,3/2/20 19:50,0.3617195
377,3/2/20 20:00,0.3617972
378,3/2/20 20:10,0.3614213
379,3/2/20 20:19,0.3619734
380,3/2/20 20:30,0.3616189
381,3/2/20 20:40,0.3620501
382,3/2/20 20:50,0.36221236
383,3/2/20 21:00,0.3621853
384,3/2/20 21:10,0.36255392
385,3/2/20 21:20,0.3622964
386,3/2/20 21:29,0.36222452
387,3/2/20 21:40,0.36234617
388,3/2/20 21:50,0.36280003
389,3/2/20 22:00,0.3623539
390,3/2/20 22:10,0.3625275
391,3/2/20 22:20,0.36228615
392,3/2/20 22:30,0.36266857
393,3/2/20 22:39,0.36279535
394,3/2/20 22:50,0.36287564
395,3/2/20 23:00,0.36270893
396,3/2/20 23:10,0.36269546
397,3/2/20 23:20,0.36271334
398,3/2/20 23:30,0.36265194
399,3/2/20 23:40,0.36275595
400,3/2/20 23:49,0.3626933
401,3/3/20 00:00,0.36276057
402,3/3/20 00:10,0.3629471
403,3/3/20 00:20,0.36343193
404,3/3/20 00:30,0.36339733
405,3/3/20 00:40,0.3635823
406,3/3/20 00:50,0.36316055
407,3/3/20 00:59,0.36344013
408,3/3/20 01:10,0.363576
409,3/3/20 01:20,0.36341828
410,3/3/20 01:40,0.36395133
411,3/3/20 01:50,0.35885194
412,3/3/20 02:00,0.36410195
413,3/3/20 02:09,0.3640992
414,3/3/20 02:20,0.3640839
415,3/3/20 02:30,0.36428368
416,3/3/20 02:40,0.364132
417,3/3/20 02:50,0.36423737
418,3/3/20 03:00,0.36371422
419,3/3/20 03:10,0.364039
420,3/3/20 03:19,0.36405224
421,3/3/20 03:30,0.3636731
422,3/3/20 03:40,0.3639034
423,3/3/20 03:50,0.36372554
424,3/3/20 04:00,0.36318523
425,3/3/20 04:10,0.36335248
426,3/3/20 04:20,0.36349466
427,3/3/20 04:29,0.3632056
428,3/3/20 04:40,0.3628623
429,3/3/20 04:50,0.36301762
430,3/3/20 05:00,0.36293304
431,3/3/20 05:10,0.36269206
432,3/3/20 05:20,0.3622336
433,3/3/20 05:30,0.36259684
434,3/3/20 05:39,0.3623982
435,3/3/20 05:50,0.36266306
436,3/3/20 06:00,0.36216682
437,3/3/20 06:10,0.36242998
438,3/3/20 06:20,0.3620286
439,3/3/20 06:30,0.36203384
440,3/3/20 06:40,0.3616842
441,3/3/20 06:49,0.36158174
442,3/3/20 07:00,0.36217752
443,3/3/20 07:10,0.36180162
444,3/3/20 07:20,0.36178774
445,3/3/20 07:30,0.36168396
446,3/3/20 07:40,0.3619107
447,3/3/20 07:50,0.36166808
448,3/3/20 07:59,0.3615436
449,3/3/20 08:10,0.36150095
450,3/3/20 08:20,0.3614223
451,3/3/20 08:30,0.36134917
452,3/3/20 08:40,0.36143696
453,3/3/20 08:50,0.36133265
454,3/3/20 09:00,0.3614299
455,3/3/20 09:10,0.36124387
456,3/3/20 09:20,0.3610527
457,3/3/20 09:30,0.36102164
458,3/3/20 09:40,0.3610096
459,3/3/20 09:50,0.360912
460,3/3/20 10:00,0.36070958
461,3/3/20 10:10,0.36111552
462,3/3/20 10:20,0.36082658
463,3/3/20 10:29,0.3608278
464,3/3/20 10:40,0.36083752
465,3/3/20 10:50,0.3608686
466,3/3/20 11:00,0.3609388
467,3/3/20 11:10,0.36058873
468,3/3/20 11:20,0.36065507
469,3/3/20 11:30,0.36072886
470,3/3/20 11:39,0.36058146
471,3/3/20 11:50,0.36053103
472,3/3/20 12:00,0.3604793
473,3/3/20 12:10,0.3606154
474,3/3/20 12:20,0.36044466
475,3/3/20 12:30,0.3602636
476,3/3/20 12:40,0.36027384
477,3/3/20 12:49,0.36050344
478,3/3/20 13:00,0.36037713
479,3/3/20 13:10,0.36055017
480,3/3/20 13:20,0.36028218
481,3/3/20 13:30,0.36060992
482,3/3/20 13:40,0.36048838
483,3/3/20 13:50,0.36042762
484,3/3/20 13:59,0.3603929
485,3/3/20 14:10,0.36060286
486,3/3/20 14:20,0.36052942
487,3/3/20 14:30,0.36087865
488,3/3/20 14:40,0.36077204
489,3/3/20 14:50,0.36093524
490,3/3/20 15:00,0.36085707
491,3/3/20 15:10,0.36075723
492,3/3/20 15:20,0.360685
493,3/3/20 15:30,0.3610404
494,3/3/20 15:40,0.36101288
495,3/3/20 15:50,0.3613913
496,3/3/20 16:00,0.3611114
497,3/3/20 16:09,0.36136526
498,3/3/20 16:20,0.36158374
499,3/3/20 16:30,0.36107653
500,3/3/20 16:40,0.36182526
501,3/3/20 16:50,0.36154407
502,3/3/20 17:00,0.3616435
503,3/3/20 17:10,0.36167744
504,3/3/20 17:19,0.3616533
505,3/3/20 17:30,0.36196405
506,3/3/20 17:40,0.36207804
507,3/3/20 17:50,0.36178696
508,3/3/20 18:00,0.36177468
509,3/3/20 18:10,0.36160406
510,3/3/20 18:20,0.36180097
511,3/3/20 18:29,0.36188585
512,3/3/20 18:40,0.3622105
513,3/3/20 18:50,0.36202168
514,3/3/20 19:00,0.36226767
515,3/3/20 19:10,0.36213028
516,3/3/20 19:20,0.36218703
517,3/3/20 19:30,0.36216494
518,3/3/20 19:39,0.362109
519,3/3/20 19:50,0.36252266
520,3/3/20 20:00,0.36225617
521,3/3/20 20:10,0.36264294
522,3/3/20 20:20,0.36256546
523,3/3/20 20:30,0.36241442
524,3/3/20 20:40,0.36255413
525,3/3/20 20:49,0.36250442
526,3/3/20 21:00,0.36296624
527,3/3/20 21:10,0.36302537
528,3/3/20 21:20,0.36336124
529,3/3/20 21:30,0.363368
530,3/3/20 21:40,0.3634476
531,3/3/20 21:50,0.3639812
532,3/3/20 21:59,0.36376286
533,3/3/20 22:10,0.3638454
534,3/3/20 22:20,0.3639511
535,3/3/20 22:30,0.36421105
536,3/3/20 22:40,0.36418396
537,3/3/20 22:50,0.36391675
538,3/3/20 23:00,0.3641594
539,3/3/20 23:09,0.36382335
540,3/3/20 23:20,0.36387557
541,3/3/20 23:30,0.36372012
542,3/3/20 23:40,0.36388853
543,3/3/20 23:50,0.3635436
544,3/4/20 00:00,0.36361107
545,3/4/20 00:10,0.3641094
546,3/4/20 00:19,0.36389804
547,3/4/20 00:30,0.36368358
548,3/4/20 00:40,0.36362302
549,3/4/20 00:50,0.36367625
550,3/4/20 01:00,0.36325198
551,3/4/20 01:10,0.36351448
552,3/4/20 01:20,0.36318094
553,3/4/20 01:30,0.36289072
554,3/4/20 01:40,0.3631513
555,3/4/20 01:50,0.3631041
556,3/4/20 02:00,0.36315697
557,3/4/20 02:10,0.36304837
558,3/4/20 02:20,0.36323237
559,3/4/20 02:30,0.36277038
560,3/4/20 02:40,0.36315876
561,3/4/20 02:50,0.36298323
562,3/4/20 03:00,0.36280704
563,3/4/20 03:10,0.3628897
564,3/4/20 03:20,0.36298782
565,3/4/20 03:30,0.36235267
566,3/4/20 03:40,0.36280686
567,3/4/20 03:50,0.3623442
568,3/4/20 04:00,0.36224648
569,3/4/20 04:10,0.3622669
570,3/4/20 04:20,0.3619096
571,3/4/20 04:30,0.3621605
572,3/4/20 04:40,0.36179024
573,3/4/20 04:50,0.3619085
574,3/4/20 05:00,0.36187717
575,3/4/20 05:09,0.36152926
576,3/4/20 05:20,0.36155042
577,3/4/20 05:30,0.36134186
578,3/4/20 05:40,0.36115593
579,3/4/20 05:50,0.3606956
580,3/4/20 06:00,0.3610475
581,3/4/20 06:10,0.36087894
582,3/4/20 06:19,0.36069718
583,3/4/20 06:30,0.36037883
584,3/4/20 06:40,0.36016363
585,3/4/20 06:50,0.3603935
586,3/4/20 07:00,0.36046743
587,3/4/20 07:10,0.36037642
588,3/4/20 07:20,0.36020488
589,3/4/20 07:30,0.3602619
590,3/4/20 07:40,0.35989118
591,3/4/20 07:50,0.36023882
592,3/4/20 08:00,0.3600953
593,3/4/20 08:10,0.35975564
594,3/4/20 08:20,0.36025566
595,3/4/20 08:30,0.3600729
596,3/4/20 08:40,0.35982224
597,3/4/20 08:50,0.35917303
598,3/4/20 09:00,0.35958272
599,3/4/20 09:10,0.35913792
600,3/4/20 09:20,0.35995093
601,3/4/20 09:30,0.35936785
602,3/4/20 09:40,0.35921788
603,3/4/20 09:50,0.3595005
604,3/4/20 10:00,0.3591148
605,3/4/20 10:10,0.35938448
606,3/4/20 10:20,0.35864794
607,3/4/20 10:30,0.35874903
608,3/4/20 10:40,0.35901594
609,3/4/20 10:50,0.35921463
610,3/4/20 10:59,0.35889018
611,3/4/20 11:10,0.35871843
612,3/4/20 11:20,0.35876673
613,3/4/20 11:30,0.35919064
614,3/4/20 11:40,0.35865617
615,3/4/20 11:50,0.35826397
616,3/4/20 12:00,0.35775203
617,3/4/20 12:09,0.357715
618,3/4/20 12:20,0.35805488
619,3/4/20 12:30,0.3582374
620,3/4/20 12:40,0.35835528
621,3/4/20 12:50,0.35791743
622,3/4/20 13:00,0.35835123
623,3/4/20 13:10,0.35845238
624,3/4/20 13:19,0.35815743
625,3/4/20 13:30,0.35814363
626,3/4/20 13:40,0.3583938
627,3/4/20 13:50,0.35868996
628,3/4/20 14:00,0.35850358
629,3/4/20 14:10,0.35846895
630,3/4/20 14:20,0.35838467
631,3/4/20 14:30,0.35846335
632,3/4/20 14:40,0.3585832
633,3/4/20 14:50,0.35867164
634,3/4/20 15:00,0.35898143
635,3/4/20 15:10,0.3591044
636,3/4/20 15:20,0.35877365
637,3/4/20 15:30,0.35918745
638,3/4/20 15:40,0.35881466
639,3/4/20 15:50,0.35930085
640,3/4/20 16:00,0.3594151
641,3/4/20 16:10,0.35948426
642,3/4/20 16:20,0.3595395
643,3/4/20 16:30,0.35968423
644,3/4/20 16:40,0.35998166
645,3/4/20 16:49,0.3598767
646,3/4/20 17:00,0.36062652
647,3/4/20 17:10,0.36034346
648,3/4/20 17:20,0.3604442
649,3/4/20 17:30,0.36098206
650,3/4/20 17:40,0.36083394
651,3/4/20 17:50,0.36110207
652,3/4/20 18:00,0.3608495
653,3/4/20 18:10,0.3607629
654,3/4/20 18:20,0.3607658
655,3/4/20 18:30,0.3611439
656,3/4/20 18:40,0.36114797
657,3/4/20 18:50,0.36105424
658,3/4/20 19:00,0.3614425
659,3/4/20 19:10,0.3617713
660,3/4/20 19:20,0.3614686
661,3/4/20 19:30,0.3615905
662,3/4/20 19:40,0.36146075
663,3/4/20 19:50,0.36171463
664,3/4/20 20:00,0.36157948
665,3/4/20 20:10,0.3620323
666,3/4/20 20:20,0.36177355
667,3/4/20 20:30,0.36192757
668,3/4/20 20:40,0.36209738
669,3/4/20 20:50,0.36250132
670,3/4/20 21:00,0.36213714
671,3/4/20 21:10,0.3622051
672,3/4/20 21:20,0.36197433
673,3/4/20 21:30,0.3621243
674,3/4/20 21:40,0.362566
675,3/4/20 21:50,0.36196923
676,3/4/20 22:00,0.36247686
677,3/4/20 22:10,0.3625449
678,3/4/20 22:20,0.36251444
679,3/4/20 22:30,0.36257088
680,3/4/20 22:39,0.36264524
681,3/4/20 22:50,0.3627143
682,3/4/20 23:00,0.36249894
683,3/4/20 23:10,0.3621386
684,3/4/20 23:20,0.3621971
685,3/4/20 23:30,0.36214703
686,3/4/20 23:40,0.36218238
687,3/4/20 23:49,0.36218405
688,3/5/20 00:00,0.3619426
689,3/5/20 00:10,0.3622779
690,3/5/20 00:20,0.3621665
691,3/5/20 00:30,0.36241215
692,3/5/20 00:40,0.362168
693,3/5/20 00:50,0.36241508
694,3/5/20 01:00,0.3625465
695,3/5/20 01:10,0.36238128
696,3/5/20 01:20,0.36234543
697,3/5/20 01:30,0.36285025
698,3/5/20 01:40,0.36250228
699,3/5/20 01:50,0.36254576
700,3/5/20 02:00,0.3624912
701,3/5/20 02:09,0.3627411
702,3/5/20 02:20,0.36310554
703,3/5/20 02:30,0.36270356
704,3/5/20 02:40,0.36280245
705,3/5/20 02:50,0.36266297
706,3/5/20 03:00,0.3624466
707,3/5/20 03:10,0.3619644
708,3/5/20 03:19,0.3621214
709,3/5/20 03:30,0.3621297
710,3/5/20 03:40,0.36226612
711,3/5/20 03:50,0.36217427
712,3/5/20 04:00,0.3620312
713,3/5/20 04:10,0.36194283
714,3/5/20 04:20,0.3618909
715,3/5/20 04:29,0.3615644
716,3/5/20 04:40,0.36172938
717,3/5/20 04:50,0.3615641
718,3/5/20 05:00,0.3613428
719,3/5/20 05:10,0.36138517
720,3/5/20 05:20,0.3615396
721,3/5/20 05:30,0.36100942
722,3/5/20 05:40,0.3610398
723,3/5/20 05:50,0.3603378
724,3/5/20 06:00,0.36054286
725,3/5/20 06:10,0.36047894
726,3/5/20 06:20,0.36023092
727,3/5/20 06:30,0.36021793
728,3/5/20 06:40,0.36056066
729,3/5/20 06:50,0.36027497
730,3/5/20 07:00,0.3596794
731,3/5/20 07:10,0.36029142
732,3/5/20 07:20,0.35936832
733,3/5/20 07:30,0.35969493
734,3/5/20 07:40,0.3598553
735,3/5/20 07:50,0.3593308
736,3/5/20 08:00,0.3594015
737,3/5/20 08:10,0.3592871
738,3/5/20 08:20,0.35919398
739,3/5/20 08:30,0.35917267
740,3/5/20 08:40,0.35888243
741,3/5/20 08:50,0.35897636
742,3/5/20 09:00,0.35881948
743,3/5/20 09:10,0.35928684
744,3/5/20 09:20,0.3589687
745,3/5/20 09:30,0.35902372
746,3/5/20 09:40,0.35863125
747,3/5/20 09:50,0.3588096
748,3/5/20 10:00,0.35878426
749,3/5/20 10:10,0.35833323
750,3/5/20 10:20,0.35805893
751,3/5/20 10:29,0.35843736
752,3/5/20 10:40,0.35796803
753,3/5/20 10:50,0.35815483
754,3/5/20 11:00,0.3584738
755,3/5/20 11:10,0.35834223
756,3/5/20 11:20,0.35809672
757,3/5/20 11:30,0.35808653
758,3/5/20 11:40,0.35838154
759,3/5/20 11:50,0.35800332
760,3/5/20 12:00,0.3583417
761,3/5/20 12:10,0.35839534
762,3/5/20 12:20,0.35826114
763,3/5/20 12:30,0.3584503
764,3/5/20 12:40,0.35852084
765,3/5/20 12:50,0.35853094
766,3/5/20 13:00,0.3583836
767,3/5/20 13:10,0.3580011
768,3/5/20 13:20,0.35817605
769,3/5/20 13:30,0.35836595
770,3/5/20 13:40,0.35821885
771,3/5/20 13:50,0.35862553
772,3/5/20 14:00,0.35852212
773,3/5/20 14:10,0.35829246
774,3/5/20 14:20,0.35858107
775,3/5/20 14:30,0.3585728
776,3/5/20 14:40,0.35871267
777,3/5/20 14:50,0.35904974
778,3/5/20 15:00,0.35935253
779,3/5/20 15:10,0.35941577
780,3/5/20 15:20,0.35952815
781,3/5/20 15:30,0.35959733
782,3/5/20 15:40,0.35974652
783,3/5/20 15:50,0.35974604
784,3/5/20 16:00,0.3593969
785,3/5/20 16:10,0.35978723
786,3/5/20 16:20,0.36001647
787,3/5/20 16:30,0.35978198
788,3/5/20 16:40,0.3602978
789,3/5/20 16:50,0.36006612
790,3/5/20 17:00,0.3601575
791,3/5/20 17:10,0.36039215
792,3/5/20 17:20,0.3603142
793,3/5/20 17:30,0.3605975
794,3/5/20 17:40,0.36070535
795,3/5/20 17:50,0.36055416
796,3/5/20 18:00,0.36078215
797,3/5/20 18:10,0.36068428
798,3/5/20 18:20,0.36093825
799,3/5/20 18:30,0.3608957
800,3/5/20 18:40,0.36121827
801,3/5/20 18:50,0.3610896
802,3/5/20 19:00,0.3611346
803,3/5/20 19:10,0.36154887
804,3/5/20 19:20,0.36131287
805,3/5/20 19:30,0.36138606
806,3/5/20 19:40,0.3613767
807,3/5/20 19:50,0.3614154
808,3/5/20 20:00,0.36200768
809,3/5/20 20:10,0.36231488
810,3/5/20 20:20,0.36189795
811,3/5/20 20:30,0.36196998
812,3/5/20 20:40,0.36210525
813,3/5/20 20:50,0.36214375
814,3/5/20 21:00,0.36232102
815,3/5/20 21:10,0.36227465
816,3/5/20 21:20,0.3620627
817,3/5/20 21:30,0.36245418
818,3/5/20 21:40,0.36266798
819,3/5/20 21:50,0.36261877
820,3/5/20 22:00,0.36223403
821,3/5/20 22:10,0.36240056
822,3/5/20 22:20,0.36276168
823,3/5/20 22:30,0.35882142
824,3/5/20 22:40,0.36262065
825,3/5/20 22:50,0.3582608
826,3/5/20 23:00,0.3662692
827,3/5/20 23:10,0.36700338
828,3/5/20 23:20,0.36743087
829,3/5/20 23:30,0.36745924
830,3/5/20 23:40,0.36765933
831,3/5/20 23:50,0.3675897
832,3/6/20 00:00,0.367276
833,3/6/20 00:10,0.36734504
834,3/6/20 00:20,0.367299
835,3/6/20 00:30,0.36721164
836,3/6/20 00:41,0.36699367
837,3/6/20 00:50,0.3668794
838,3/6/20 01:00,0.36654422
839,3/6/20 01:10,0.36631486
840,3/6/20 01:20,0.36614233
841,3/6/20 01:30,0.36619547
842,3/6/20 01:40,0.36582488
843,3/6/20 01:51,0.36578298
844,3/6/20 02:00,0.36537594
845,3/6/20 02:10,0.3648046
846,3/6/20 02:20,0.36535484
847,3/6/20 02:30,0.36536688
848,3/6/20 02:40,0.3628599
849,3/6/20 02:50,0.36514592
850,3/6/20 03:01,0.3647427
851,3/6/20 03:10,0.36480868
852,3/6/20 03:20,0.36498475
853,3/6/20 03:30,0.36475146
854,3/6/20 03:40,0.3649266
855,3/6/20 03:50,0.3640982
856,3/6/20 04:00,0.36445695
857,3/6/20 04:11,0.36427182
858,3/6/20 04:20,0.36407453
859,3/6/20 04:30,0.36387146
860,3/6/20 04:40,0.3636629
861,3/6/20 04:50,0.36322367
862,3/6/20 05:00,0.36324105
863,3/6/20 05:10,0.3629113
864,3/6/20 05:21,0.36306792
865,3/6/20 05:30,0.36231518
866,3/6/20 05:40,0.36194262
867,3/6/20 05:50,0.36195618
868,3/6/20 06:00,0.3617432
869,3/6/20 06:10,0.3617897
870,3/6/20 06:20,0.36155754
871,3/6/20 06:30,0.3615167
872,3/6/20 06:40,0.36126244
873,3/6/20 06:50,0.36152905
874,3/6/20 07:00,0.36150286
875,3/6/20 07:10,0.36082834
876,3/6/20 07:20,0.36090505
877,3/6/20 07:30,0.3609539
878,3/6/20 07:41,0.36041564
879,3/6/20 07:50,0.3608474
880,3/6/20 08:00,0.36044484
881,3/6/20 08:10,0.36066002
882,3/6/20 08:20,0.36032706
883,3/6/20 08:30,0.36035335
884,3/6/20 08:40,0.3602289
885,3/6/20 08:51,0.36023375
886,3/6/20 09:00,0.35988608
887,3/6/20 09:10,0.36002314
888,3/6/20 09:20,0.35968414
889,3/6/20 09:30,0.35983995
890,3/6/20 09:40,0.35918897
891,3/6/20 09:50,0.35924262
892,3/6/20 10:00,0.35938126
893,3/6/20 10:10,0.35955215
894,3/6/20 10:20,0.3590442
895,3/6/20 10:30,0.359217
896,3/6/20 10:40,0.3591099
897,3/6/20 10:50,0.35919604
898,3/6/20 11:00,0.35881424
899,3/6/20 11:10,0.3587079
900,3/6/20 11:20,0.35866886
901,3/6/20 11:30,0.35864234
902,3/6/20 11:40,0.3589979
903,3/6/20 11:50,0.3583551
904,3/6/20 12:00,0.3585977
905,3/6/20 12:10,0.35828573
906,3/6/20 12:20,0.35810912
907,3/6/20 12:30,0.35833114
908,3/6/20 12:40,0.35800582
909,3/6/20 12:50,0.35844067
910,3/6/20 13:00,0.35821864
911,3/6/20 13:10,0.35844395
912,3/6/20 13:20,0.35859615
913,3/6/20 13:31,0.35839832
914,3/6/20 13:40,0.35855874
915,3/6/20 13:50,0.35844082
916,3/6/20 14:00,0.35855424
917,3/6/20 14:10,0.3586936
918,3/6/20 14:20,0.35907552
919,3/6/20 14:30,0.35870337
920,3/6/20 14:41,0.35885453
921,3/6/20 14:50,0.3589599
922,3/6/20 15:00,0.35919228
923,3/6/20 15:10,0.3588619
924,3/6/20 15:20,0.3590182
925,3/6/20 15:30,0.3586902
926,3/6/20 15:40,0.3590986
927,3/6/20 15:50,0.359066
928,3/6/20 16:00,0.35933974
929,3/6/20 16:10,0.3589478
930,3/6/20 16:20,0.35929745
931,3/6/20 16:30,0.35941726
932,3/6/20 16:40,0.3594451
933,3/6/20 16:50,0.35921878
934,3/6/20 17:01,0.35933644
935,3/6/20 17:10,0.35965526
936,3/6/20 17:20,0.35936028
937,3/6/20 17:30,0.35961795
938,3/6/20 17:40,0.35907263
939,3/6/20 17:50,0.35943025
940,3/6/20 18:00,0.35975558
941,3/6/20 18:11,0.35966125
942,3/6/20 18:20,0.35969216
943,3/6/20 18:30,0.35964713
944,3/6/20 18:40,0.3597874
945,3/6/20 18:50,0.35962182
946,3/6/20 19:00,0.35965806
947,3/6/20 19:10,0.35962915
948,3/6/20 19:21,0.35985067
949,3/6/20 19:30,0.36023295
950,3/6/20 19:40,0.36020923
951,3/6/20 19:50,0.35976973
952,3/6/20 20:01,0.36003652
953,3/6/20 20:10,0.36028492
954,3/6/20 20:20,0.36036524
955,3/6/20 20:30,0.36022696
956,3/6/20 20:40,0.35991228
957,3/6/20 20:50,0.36058882
958,3/6/20 21:00,0.3605927
959,3/6/20 21:10,0.35726094
960,3/6/20 21:20,0.36085695
961,3/6/20 21:30,0.360745
962,3/6/20 21:40,0.36090076
963,3/6/20 21:50,0.36101845
964,3/6/20 22:00,0.36136186
965,3/6/20 22:11,0.36146647
966,3/6/20 22:20,0.3617388
967,3/6/20 22:30,0.36176997
968,3/6/20 22:40,0.36204058
969,3/6/20 22:50,0.36215997
970,3/6/20 23:00,0.3619338
971,3/6/20 23:10,0.36188102
972,3/6/20 23:20,0.3623796
973,3/6/20 23:30,0.36183262
974,3/6/20 23:40,0.3617938
975,3/6/20 23:50,0.36188644
976,3/7/20 00:00,0.36149466
977,3/7/20 00:10,0.36133325
978,3/7/20 00:20,0.36164147
979,3/7/20 00:30,0.36139
980,3/7/20 00:40,0.3617086
981,3/7/20 00:50,0.3611573
982,3/7/20 01:00,0.36148852
983,3/7/20 01:10,0.36125216
984,3/7/20 01:20,0.36117622
985,3/7/20 01:30,0.36091784
986,3/7/20 01:40,0.3613102
987,3/7/20 01:50,0.36103106
988,3/7/20 02:00,0.36103275
989,3/7/20 02:10,0.36097366
990,3/7/20 02:20,0.36064714
991,3/7/20 02:31,0.361085
992,3/7/20 02:40,0.36130613
993,3/7/20 02:50,0.36152124
994,3/7/20 03:00,0.36144206
995,3/7/20 03:10,0.3613996
996,3/7/20 03:20,0.36128438
997,3/7/20 03:30,0.36138958
998,3/7/20 03:40,0.36080188
999,3/7/20 03:50,0.36062777
1000,3/7/20 04:00,0.36098856
1001,3/7/20 04:10,0.36081952
1002,3/7/20 04:20,0.36076975
1003,3/7/20 04:30,0.3600917
1004,3/7/20 04:41,0.36048293
1005,3/7/20 04:50,0.3604514
